Experiment,Hive,IntroducedBee,Odour,Guard,PetriTreatment,Treatment,NNMBee,Response
natural,A,111,NaN,NaN,NaN,1,0,0
natural,B,112,NaN,NaN,NaN,1,0,0
natural,C,113,NaN,NaN,NaN,1,0,0
natural,D,114,NaN,NaN,NaN,1,0,0
natural,B,115,NaN,NaN,NaN,1,0,0
natural,C,116,NaN,NaN,NaN,1,0,0
natural,D,117,NaN,NaN,NaN,1,0,0
natural,A,118,NaN,NaN,NaN,1,0,0
natural,B,119,NaN,NaN,NaN,1,0,0
natural,C,120,NaN,NaN,NaN,1,1,0
natural,D,121,NaN,NaN,NaN,1,0,0
natural,A,122,NaN,NaN,NaN,1,0,0
natural,C,123,NaN,NaN,NaN,1,0,0
natural,A,124,NaN,NaN,NaN,1,0,0
natural,B,125,NaN,NaN,NaN,1,0,0
natural,B,126,NaN,NaN,NaN,1,1,0
natural,C,127,NaN,NaN,NaN,1,0,0
natural,D,128,NaN,NaN,NaN,1,0,0
natural,A,129,NaN,NaN,NaN,1,0,0
natural,B,130,NaN,NaN,NaN,1,0,0
natural,D,131,NaN,NaN,NaN,1,0,0
natural,B,132,NaN,NaN,NaN,1,0,0
natural,C,133,NaN,NaN,NaN,1,0,0
natural,D,134,NaN,NaN,NaN,1,0,0
natural,A,135,NaN,NaN,NaN,1,0,0
natural,B,136,NaN,NaN,NaN,1,0,0
natural,D,137,NaN,NaN,NaN,1,0,0
natural,C,138,NaN,NaN,NaN,1,0,0
natural,C,139,NaN,NaN,NaN,1,1,0
natural,A,140,NaN,NaN,NaN,1,0,0
natural,B,141,NaN,NaN,NaN,1,0,0
natural,C,142,NaN,NaN,NaN,1,0,0
natural,A,143,NaN,NaN,NaN,1,0,0
natural,B,144,NaN,NaN,NaN,1,0,0
natural,C,145,NaN,NaN,NaN,1,0,0
natural,D,146,NaN,NaN,NaN,1,0,0
natural,B,147,NaN,NaN,NaN,1,0,0
natural,C,148,NaN,NaN,NaN,1,0,0
natural,B,149,NaN,NaN,NaN,1,0,0
natural,D,150,NaN,NaN,NaN,1,0,0
natural,D,151,NaN,NaN,NaN,1,1,0
natural,B,152,NaN,NaN,NaN,1,1,0
natural,A,153,NaN,NaN,NaN,1,0,0
natural,C,154,NaN,NaN,NaN,1,0,0
natural,D,155,NaN,NaN,NaN,1,0,0
natural,A,156,NaN,NaN,NaN,1,0,0
natural,B,157,NaN,NaN,NaN,1,0,0
natural,D,158,NaN,NaN,NaN,1,0,0
natural,A,159,NaN,NaN,NaN,1,1,1
natural,B,160,NaN,NaN,NaN,1,1,1
natural,C,161,NaN,NaN,NaN,1,1,1
natural,D,162,NaN,NaN,NaN,1,1,1
natural,A,163,NaN,NaN,NaN,1,0,1
natural,A,164,NaN,NaN,NaN,1,1,1
natural,B,165,NaN,NaN,NaN,1,1,1
natural,C,166,NaN,NaN,NaN,1,1,1
natural,D,167,NaN,NaN,NaN,1,1,1
natural,A,168,NaN,NaN,NaN,1,1,1
natural,B,169,NaN,NaN,NaN,1,1,1
natural,C,170,NaN,NaN,NaN,1,0,1
natural,D,171,NaN,NaN,NaN,1,1,1
natural,A,172,NaN,NaN,NaN,1,1,1
natural,B,173,NaN,NaN,NaN,1,0,1
natural,B,174,NaN,NaN,NaN,1,1,1
natural,C,175,NaN,NaN,NaN,1,1,1
natural,A,176,NaN,NaN,NaN,1,1,1
natural,C,177,NaN,NaN,NaN,1,1,1
natural,D,178,NaN,NaN,NaN,1,1,1
natural,A,179,NaN,NaN,NaN,1,1,1
natural,B,180,NaN,NaN,NaN,1,1,1
natural,C,181,NaN,NaN,NaN,1,0,1
natural,C,182,NaN,NaN,NaN,1,1,1
natural,D,183,NaN,NaN,NaN,1,1,1
natural,A,184,NaN,NaN,NaN,1,0,1
natural,A,185,NaN,NaN,NaN,1,1,1
natural,B,186,NaN,NaN,NaN,1,1,1
natural,C,187,NaN,NaN,NaN,1,1,1
natural,D,188,NaN,NaN,NaN,1,1,1
natural,A,189,NaN,NaN,NaN,1,1,1
natural,B,190,NaN,NaN,NaN,1,1,1
natural,C,191,NaN,NaN,NaN,1,0,1
natural,C,192,NaN,NaN,NaN,1,1,1
natural,D,193,NaN,NaN,NaN,1,1,1
natural,A,194,NaN,NaN,NaN,1,0,1
natural,A,195,NaN,NaN,NaN,1,1,1
natural,B,196,NaN,NaN,NaN,1,0,1
natural,B,197,NaN,NaN,NaN,1,1,1
natural,A,198,NaN,NaN,NaN,1,1,1
natural,B,199,NaN,NaN,NaN,1,1,1
natural,C,200,NaN,NaN,NaN,1,1,1
natural,A,201,NaN,NaN,NaN,1,1,1
natural,B,202,NaN,NaN,NaN,1,1,1
natural,C,203,NaN,NaN,NaN,1,1,1
natural,D,204,NaN,NaN,NaN,1,1,1
natural,B,205,NaN,NaN,NaN,1,1,1
natural,C,206,NaN,NaN,NaN,1,1,1
natural,B,207,NaN,NaN,NaN,1,1,1
natural,B,208,NaN,NaN,NaN,1,0,1
natural,D,209,NaN,NaN,NaN,1,0,1
natural,D,210,NaN,NaN,NaN,1,1,1
natural,A,211,NaN,NaN,NaN,1,1,1
natural,B,212,NaN,NaN,NaN,1,0,1
natural,B,213,NaN,NaN,NaN,1,1,1
natural,C,214,NaN,NaN,NaN,1,1,1
natural,D,215,NaN,NaN,NaN,1,1,1
natural,A,216,NaN,NaN,NaN,1,1,1
natural,B,217,NaN,NaN,NaN,1,1,1
natural,C,218,NaN,NaN,NaN,1,0,1
natural,C,219,NaN,NaN,NaN,1,1,1
natural,D,220,NaN,NaN,NaN,1,1,1
petri,A,1,0,1,1,2,0,0
petri,B,11,0,1,1,2,0,0
petri,C,13,0,1,1,2,0,0
petri,A,17,0,1,1,2,0,0
petri,D,23,0,1,1,2,1,0
petri,C,29,0,1,1,2,1,0
petri,B,33,0,1,1,2,1,0
petri,A,55,0,1,1,2,0,0
petri,A,69,0,1,1,2,0,0
petri,B,71,0,1,1,2,0,0
petri,A,75,0,1,1,2,0,0
petri,B,77,0,1,1,2,0,0
petri,B,83,0,1,1,2,1,0
petri,D,93,0,1,1,2,0,0
petri,C,99,0,1,1,2,0,0
petri,C,107,0,1,1,2,0,0
petri,A,1,0,1,1,2,1,1
petri,B,3,0,1,1,2,0,1
petri,B,3,0,1,1,2,1,1
petri,C,5,0,1,1,2,0,1
petri,C,5,0,1,1,2,1,1
petri,D,7,0,1,1,2,0,1
petri,D,7,0,1,1,2,1,1
petri,A,9,0,1,1,2,0,1
petri,A,9,0,1,1,2,1,1
petri,B,11,0,1,1,2,1,1
petri,C,13,0,1,1,2,1,1
petri,D,15,0,1,1,2,0,1
petri,D,15,0,1,1,2,1,1
petri,A,17,0,1,1,2,1,1
petri,B,19,0,1,1,2,0,1
petri,B,19,0,1,1,2,1,1
petri,C,21,0,1,1,2,0,1
petri,C,21,0,1,1,2,1,1
petri,D,23,0,1,1,2,0,1
petri,A,25,0,1,1,2,0,1
petri,A,25,0,1,1,2,1,1
petri,B,27,0,1,1,2,0,1
petri,B,27,0,1,1,2,1,1
petri,C,29,0,1,1,2,0,1
petri,A,31,0,1,1,2,0,1
petri,A,31,0,1,1,2,1,1
petri,B,33,0,1,1,2,0,1
petri,C,35,0,1,1,2,0,1
petri,C,35,0,1,1,2,1,1
petri,D,37,0,1,1,2,0,1
petri,D,37,0,1,1,2,1,1
petri,A,39,0,1,1,2,0,1
petri,A,39,0,1,1,2,1,1
petri,B,41,0,1,1,2,0,1
petri,B,41,0,1,1,2,1,1
petri,C,43,0,1,1,2,0,1
petri,C,43,0,1,1,2,1,1
petri,D,45,0,1,1,2,0,1
petri,D,45,0,1,1,2,1,1
petri,A,47,0,1,1,2,0,1
petri,A,47,0,1,1,2,1,1
petri,B,49,0,1,1,2,0,1
petri,B,49,0,1,1,2,1,1
petri,C,51,0,1,1,2,0,1
petri,C,51,0,1,1,2,1,1
petri,D,53,0,1,1,2,0,1
petri,D,53,0,1,1,2,1,1
petri,A,55,0,1,1,2,1,1
petri,B,57,0,1,1,2,0,1
petri,B,57,0,1,1,2,1,1
petri,C,59,0,1,1,2,0,1
petri,C,59,0,1,1,2,1,1
petri,D,61,0,1,1,2,0,1
petri,D,61,0,1,1,2,1,1
petri,A,63,0,1,1,2,0,1
petri,A,63,0,1,1,2,1,1
petri,B,65,0,1,1,2,0,1
petri,B,65,0,1,1,2,1,1
petri,C,67,0,1,1,2,0,1
petri,C,67,0,1,1,2,1,1
petri,A,69,0,1,1,2,1,1
petri,B,71,0,1,1,2,1,1
petri,C,73,0,1,1,2,0,1
petri,C,73,0,1,1,2,1,1
petri,A,75,0,1,1,2,1,1
petri,B,77,0,1,1,2,1,1
petri,C,79,0,1,1,2,0,1
petri,C,79,0,1,1,2,1,1
petri,D,81,0,1,1,2,0,1
petri,D,81,0,1,1,2,1,1
petri,B,83,0,1,1,2,0,1
petri,C,85,0,1,1,2,0,1
petri,C,85,0,1,1,2,1,1
petri,B,87,0,1,1,2,0,1
petri,B,87,0,1,1,2,1,1
petri,D,89,0,1,1,2,0,1
petri,D,89,0,1,1,2,1,1
petri,B,91,0,1,1,2,0,1
petri,B,91,0,1,1,2,1,1
petri,D,93,0,1,1,2,1,1
petri,A,95,0,1,1,2,0,1
petri,A,95,0,1,1,2,1,1
petri,B,97,0,1,1,2,0,1
petri,B,97,0,1,1,2,1,1
petri,C,99,0,1,1,2,1,1
petri,D,101,0,1,1,2,0,1
petri,D,101,0,1,1,2,1,1
petri,A,103,0,1,1,2,0,1
petri,A,103,0,1,1,2,1,1
petri,B,105,0,1,1,2,0,1
petri,B,105,0,1,1,2,1,1
petri,C,107,0,1,1,2,1,1
petri,D,109,0,1,1,2,0,1
petri,D,109,0,1,1,2,1,1
petri,B,3,0,2,2,3,1,0
petri,D,7,0,2,2,3,0,0
petri,A,17,0,2,2,3,0,0
petri,C,35,0,2,2,3,0,0
petri,D,37,0,2,2,3,0,0
petri,B,41,0,2,2,3,0,0
petri,D,45,0,2,2,3,0,0
petri,A,47,0,2,2,3,0,0
petri,A,63,0,2,2,3,0,0
petri,B,71,0,2,2,3,0,0
petri,C,79,0,2,2,3,0,0
petri,B,83,0,2,2,3,1,0
petri,B,87,0,2,2,3,0,0
petri,B,87,0,2,2,3,1,0
petri,C,99,0,2,2,3,0,0
petri,A,103,0,2,2,3,1,0
petri,C,107,0,2,2,3,0,0
petri,A,1,0,2,2,3,0,1
petri,A,1,0,2,2,3,1,1
petri,B,3,0,2,2,3,0,1
petri,C,5,0,2,2,3,0,1
petri,C,5,0,2,2,3,1,1
petri,D,7,0,2,2,3,1,1
petri,A,9,0,2,2,3,0,1
petri,A,9,0,2,2,3,1,1
petri,B,11,0,2,2,3,0,1
petri,B,11,0,2,2,3,1,1
petri,C,13,0,2,2,3,0,1
petri,C,13,0,2,2,3,1,1
petri,D,15,0,2,2,3,0,1
petri,D,15,0,2,2,3,1,1
petri,A,17,0,2,2,3,1,1
petri,B,19,0,2,2,3,0,1
petri,B,19,0,2,2,3,1,1
petri,C,21,0,2,2,3,0,1
petri,C,21,0,2,2,3,1,1
petri,D,23,0,2,2,3,0,1
petri,D,23,0,2,2,3,1,1
petri,A,25,0,2,2,3,0,1
petri,A,25,0,2,2,3,1,1
petri,B,27,0,2,2,3,0,1
petri,B,27,0,2,2,3,1,1
petri,C,29,0,2,2,3,0,1
petri,C,29,0,2,2,3,1,1
petri,A,31,0,2,2,3,0,1
petri,A,31,0,2,2,3,1,1
petri,B,33,0,2,2,3,0,1
petri,B,33,0,2,2,3,1,1
petri,C,35,0,2,2,3,1,1
petri,D,37,0,2,2,3,1,1
petri,A,39,0,2,2,3,0,1
petri,A,39,0,2,2,3,1,1
petri,B,41,0,2,2,3,1,1
petri,C,43,0,2,2,3,0,1
petri,C,43,0,2,2,3,1,1
petri,D,45,0,2,2,3,1,1
petri,A,47,0,2,2,3,1,1
petri,B,49,0,2,2,3,0,1
petri,B,49,0,2,2,3,1,1
petri,C,51,0,2,2,3,0,1
petri,C,51,0,2,2,3,1,1
petri,D,53,0,2,2,3,0,1
petri,D,53,0,2,2,3,1,1
petri,A,55,0,2,2,3,0,1
petri,A,55,0,2,2,3,1,1
petri,B,57,0,2,2,3,0,1
petri,B,57,0,2,2,3,1,1
petri,C,59,0,2,2,3,0,1
petri,C,59,0,2,2,3,1,1
petri,D,61,0,2,2,3,0,1
petri,D,61,0,2,2,3,1,1
petri,A,63,0,2,2,3,1,1
petri,B,65,0,2,2,3,0,1
petri,B,65,0,2,2,3,1,1
petri,C,67,0,2,2,3,0,1
petri,C,67,0,2,2,3,1,1
petri,A,69,0,2,2,3,0,1
petri,A,69,0,2,2,3,1,1
petri,B,71,0,2,2,3,1,1
petri,C,73,0,2,2,3,0,1
petri,C,73,0,2,2,3,1,1
petri,A,75,0,2,2,3,0,1
petri,A,75,0,2,2,3,1,1
petri,B,77,0,2,2,3,0,1
petri,B,77,0,2,2,3,1,1
petri,C,79,0,2,2,3,1,1
petri,D,81,0,2,2,3,0,1
petri,D,81,0,2,2,3,1,1
petri,B,83,0,2,2,3,0,1
petri,C,85,0,2,2,3,0,1
petri,C,85,0,2,2,3,1,1
petri,D,89,0,2,2,3,0,1
petri,D,89,0,2,2,3,1,1
petri,B,91,0,2,2,3,0,1
petri,B,91,0,2,2,3,1,1
petri,D,93,0,2,2,3,0,1
petri,D,93,0,2,2,3,1,1
petri,A,95,0,2,2,3,0,1
petri,A,95,0,2,2,3,1,1
petri,B,97,0,2,2,3,0,1
petri,B,97,0,2,2,3,1,1
petri,C,99,0,2,2,3,1,1
petri,D,101,0,2,2,3,0,1
petri,D,101,0,2,2,3,1,1
petri,A,103,0,2,2,3,0,1
petri,B,105,0,2,2,3,0,1
petri,B,105,0,2,2,3,1,1
petri,C,107,0,2,2,3,1,1
petri,D,109,0,2,2,3,0,1
petri,D,109,0,2,2,3,1,1
petri,A,2,1,1,3,4,0,0
petri,B,4,1,1,3,4,0,0
petri,D,8,1,1,3,4,0,0
petri,B,12,1,1,3,4,0,0
petri,C,14,1,1,3,4,0,0
petri,A,26,1,1,3,4,0,0
petri,B,28,1,1,3,4,0,0
petri,B,34,1,1,3,4,0,0
petri,C,36,1,1,3,4,0,0
petri,A,40,1,1,3,4,0,0
petri,B,42,1,1,3,4,0,0
petri,C,44,1,1,3,4,0,0
petri,A,48,1,1,3,4,0,0
petri,D,54,1,1,3,4,0,0
petri,D,62,1,1,3,4,0,0
petri,A,70,1,1,3,4,1,0
petri,A,76,1,1,3,4,0,0
petri,B,78,1,1,3,4,1,0
petri,D,82,1,1,3,4,0,0
petri,B,88,1,1,3,4,0,0
petri,D,90,1,1,3,4,0,0
petri,D,94,1,1,3,4,1,0
petri,A,96,1,1,3,4,0,0
petri,C,100,1,1,3,4,1,0
petri,A,104,1,1,3,4,0,0
petri,B,106,1,1,3,4,0,0
petri,D,110,1,1,3,4,0,0
petri,A,2,1,1,3,4,1,1
petri,B,4,1,1,3,4,1,1
petri,C,6,1,1,3,4,0,1
petri,C,6,1,1,3,4,1,1
petri,D,8,1,1,3,4,1,1
petri,A,10,1,1,3,4,0,1
petri,A,10,1,1,3,4,1,1
petri,B,12,1,1,3,4,1,1
petri,C,14,1,1,3,4,1,1
petri,D,16,1,1,3,4,0,1
petri,D,16,1,1,3,4,1,1
petri,A,18,1,1,3,4,0,1
petri,A,18,1,1,3,4,1,1
petri,B,20,1,1,3,4,0,1
petri,B,20,1,1,3,4,1,1
petri,C,22,1,1,3,4,0,1
petri,C,22,1,1,3,4,1,1
petri,D,24,1,1,3,4,0,1
petri,D,24,1,1,3,4,1,1
petri,A,26,1,1,3,4,1,1
petri,B,28,1,1,3,4,1,1
petri,C,30,1,1,3,4,0,1
petri,C,30,1,1,3,4,1,1
petri,A,32,1,1,3,4,0,1
petri,A,32,1,1,3,4,1,1
petri,B,34,1,1,3,4,1,1
petri,C,36,1,1,3,4,1,1
petri,D,38,1,1,3,4,0,1
petri,D,38,1,1,3,4,1,1
petri,A,40,1,1,3,4,1,1
petri,B,42,1,1,3,4,1,1
petri,C,44,1,1,3,4,1,1
petri,D,46,1,1,3,4,0,1
petri,D,46,1,1,3,4,1,1
petri,A,48,1,1,3,4,1,1
petri,B,50,1,1,3,4,0,1
petri,B,50,1,1,3,4,1,1
petri,C,52,1,1,3,4,0,1
petri,C,52,1,1,3,4,1,1
petri,D,54,1,1,3,4,1,1
petri,A,56,1,1,3,4,0,1
petri,A,56,1,1,3,4,1,1
petri,B,58,1,1,3,4,0,1
petri,B,58,1,1,3,4,1,1
petri,C,60,1,1,3,4,0,1
petri,C,60,1,1,3,4,1,1
petri,D,62,1,1,3,4,1,1
petri,A,64,1,1,3,4,0,1
petri,A,64,1,1,3,4,1,1
petri,B,66,1,1,3,4,0,1
petri,B,66,1,1,3,4,1,1
petri,C,68,1,1,3,4,0,1
petri,C,68,1,1,3,4,1,1
petri,A,70,1,1,3,4,0,1
petri,B,72,1,1,3,4,0,1
petri,B,72,1,1,3,4,1,1
petri,C,74,1,1,3,4,0,1
petri,C,74,1,1,3,4,1,1
petri,A,76,1,1,3,4,1,1
petri,B,78,1,1,3,4,0,1
petri,C,80,1,1,3,4,0,1
petri,C,80,1,1,3,4,1,1
petri,D,82,1,1,3,4,1,1
petri,B,84,1,1,3,4,0,1
petri,B,84,1,1,3,4,1,1
petri,C,86,1,1,3,4,0,1
petri,C,86,1,1,3,4,1,1
petri,B,88,1,1,3,4,1,1
petri,D,90,1,1,3,4,1,1
petri,B,92,1,1,3,4,0,1
petri,B,92,1,1,3,4,1,1
petri,D,94,1,1,3,4,0,1
petri,A,96,1,1,3,4,1,1
petri,B,98,1,1,3,4,0,1
petri,B,98,1,1,3,4,1,1
petri,C,100,1,1,3,4,0,1
petri,D,102,1,1,3,4,0,1
petri,D,102,1,1,3,4,1,1
petri,A,104,1,1,3,4,1,1
petri,B,106,1,1,3,4,1,1
petri,C,108,1,1,3,4,0,1
petri,C,108,1,1,3,4,1,1
petri,D,110,1,1,3,4,1,1
petri,A,2,1,2,4,5,1,0
petri,B,4,1,2,4,5,0,0
petri,D,8,1,2,4,5,1,0
petri,B,12,1,2,4,5,0,0
petri,B,12,1,2,4,5,1,0
petri,A,18,1,2,4,5,0,0
petri,B,20,1,2,4,5,1,0
petri,C,22,1,2,4,5,0,0
petri,D,24,1,2,4,5,0,0
petri,B,28,1,2,4,5,0,0
petri,B,28,1,2,4,5,1,0
petri,B,34,1,2,4,5,0,0
petri,C,36,1,2,4,5,0,0
petri,A,40,1,2,4,5,0,0
petri,D,46,1,2,4,5,0,0
petri,A,48,1,2,4,5,0,0
petri,D,54,1,2,4,5,0,0
petri,D,54,1,2,4,5,1,0
petri,A,56,1,2,4,5,0,0
petri,B,58,1,2,4,5,0,0
petri,C,60,1,2,4,5,0,0
petri,D,62,1,2,4,5,0,0
petri,D,62,1,2,4,5,1,0
petri,C,68,1,2,4,5,0,0
petri,A,70,1,2,4,5,0,0
petri,C,74,1,2,4,5,0,0
petri,A,76,1,2,4,5,0,0
petri,B,78,1,2,4,5,0,0
petri,C,80,1,2,4,5,0,0
petri,C,86,1,2,4,5,0,0
petri,B,88,1,2,4,5,0,0
petri,D,90,1,2,4,5,0,0
petri,B,92,1,2,4,5,0,0
petri,B,92,1,2,4,5,1,0
petri,D,94,1,2,4,5,0,0
petri,A,96,1,2,4,5,0,0
petri,B,98,1,2,4,5,1,0
petri,C,100,1,2,4,5,0,0
petri,D,102,1,2,4,5,0,0
petri,A,104,1,2,4,5,0,0
petri,A,2,1,2,4,5,0,1
petri,B,4,1,2,4,5,1,1
petri,C,6,1,2,4,5,0,1
petri,C,6,1,2,4,5,1,1
petri,D,8,1,2,4,5,0,1
petri,A,10,1,2,4,5,0,1
petri,A,10,1,2,4,5,1,1
petri,C,14,1,2,4,5,0,1
petri,C,14,1,2,4,5,1,1
petri,D,16,1,2,4,5,0,1
petri,D,16,1,2,4,5,1,1
petri,A,18,1,2,4,5,1,1
petri,B,20,1,2,4,5,0,1
petri,C,22,1,2,4,5,1,1
petri,D,24,1,2,4,5,1,1
petri,A,26,1,2,4,5,0,1
petri,A,26,1,2,4,5,1,1
petri,C,30,1,2,4,5,0,1
petri,C,30,1,2,4,5,1,1
petri,A,32,1,2,4,5,0,1
petri,A,32,1,2,4,5,1,1
petri,B,34,1,2,4,5,1,1
petri,C,36,1,2,4,5,1,1
petri,D,38,1,2,4,5,0,1
petri,D,38,1,2,4,5,1,1
petri,A,40,1,2,4,5,1,1
petri,B,42,1,2,4,5,0,1
petri,B,42,1,2,4,5,1,1
petri,C,44,1,2,4,5,0,1
petri,C,44,1,2,4,5,1,1
petri,D,46,1,2,4,5,1,1
petri,A,48,1,2,4,5,1,1
petri,B,50,1,2,4,5,0,1
petri,B,50,1,2,4,5,1,1
petri,C,52,1,2,4,5,0,1
petri,C,52,1,2,4,5,1,1
petri,A,56,1,2,4,5,1,1
petri,B,58,1,2,4,5,1,1
petri,C,60,1,2,4,5,1,1
petri,A,64,1,2,4,5,0,1
petri,A,64,1,2,4,5,1,1
petri,B,66,1,2,4,5,0,1
petri,B,66,1,2,4,5,1,1
petri,C,68,1,2,4,5,1,1
petri,A,70,1,2,4,5,1,1
petri,B,72,1,2,4,5,0,1
petri,B,72,1,2,4,5,1,1
petri,C,74,1,2,4,5,1,1
petri,A,76,1,2,4,5,1,1
petri,B,78,1,2,4,5,1,1
petri,C,80,1,2,4,5,1,1
petri,D,82,1,2,4,5,0,1
petri,D,82,1,2,4,5,1,1
petri,B,84,1,2,4,5,0,1
petri,B,84,1,2,4,5,1,1
petri,C,86,1,2,4,5,1,1
petri,B,88,1,2,4,5,1,1
petri,D,90,1,2,4,5,1,1
petri,D,94,1,2,4,5,1,1
petri,A,96,1,2,4,5,1,1
petri,B,98,1,2,4,5,0,1
petri,C,100,1,2,4,5,1,1
petri,D,102,1,2,4,5,1,1
petri,A,104,1,2,4,5,1,1
petri,B,106,1,2,4,5,0,1
petri,B,106,1,2,4,5,1,1
petri,C,108,1,2,4,5,0,1
petri,C,108,1,2,4,5,1,1
petri,D,110,1,2,4,5,0,1
petri,D,110,1,2,4,5,1,1
