Experiment,Hive,IntroducedBee,Order,Odour,Guard,PetriTreatment,Treatment,NMBee,Donor,Response
eppendorf,1,1,2,0,1,1,2,0,b,0
eppendorf,1,4,2,0,1,1,2,0,c,0
eppendorf,1,5,8,0,1,1,2,0,c,0
eppendorf,1,2,7,0,1,1,2,0,a,1
eppendorf,1,3,7,0,1,1,2,0,a,1
eppendorf,1,6,7,0,1,1,2,0,b,1
eppendorf,1,3,8,0,1,1,2,1,,0
eppendorf,1,5,7,0,1,1,2,1,,0
eppendorf,1,1,1,0,1,1,2,1,,1
eppendorf,1,2,8,0,1,1,2,1,,1
eppendorf,1,4,1,0,1,1,2,1,,1
eppendorf,1,6,8,0,1,1,2,1,,1
eppendorf,1,1,5,0,2,2,3,0,a,0
eppendorf,1,2,5,0,2,2,3,0,b,0
eppendorf,1,6,1,0,2,2,3,0,c,0
eppendorf,1,3,4,0,2,2,3,0,b,1
eppendorf,1,4,7,0,2,2,3,0,b,1
eppendorf,1,5,3,0,2,2,3,0,b,1
eppendorf,1,1,6,0,2,2,3,1,,1
eppendorf,1,2,6,0,2,2,3,1,,1
eppendorf,1,3,3,0,2,2,3,1,,1
eppendorf,1,4,8,0,2,2,3,1,,1
eppendorf,1,5,4,0,2,2,3,1,,1
eppendorf,1,6,2,0,2,2,3,1,,1
eppendorf,1,1,7,1,1,3,4,0,a,0
eppendorf,1,2,2,1,1,3,4,0,b,0
eppendorf,1,3,2,1,1,3,4,0,b,0
eppendorf,1,5,2,1,1,3,4,0,c,0
eppendorf,1,4,3,1,1,3,4,0,b,1
eppendorf,1,6,5,1,1,3,4,0,c,1
eppendorf,1,1,8,1,1,3,4,1,,1
eppendorf,1,2,1,1,1,3,4,1,,1
eppendorf,1,3,1,1,1,3,4,1,,1
eppendorf,1,4,4,1,1,3,4,1,,1
eppendorf,1,5,1,1,1,3,4,1,,1
eppendorf,1,6,6,1,1,3,4,1,,1
eppendorf,1,5,6,1,2,4,5,0,b,0
eppendorf,1,1,3,1,2,4,5,0,b,1
eppendorf,1,2,3,1,2,4,5,0,a,1
eppendorf,1,3,6,1,2,4,5,0,b,1
eppendorf,1,4,6,1,2,4,5,0,c,1
eppendorf,1,6,4,1,2,4,5,0,b,1
eppendorf,1,1,4,1,2,4,5,1,,1
eppendorf,1,2,4,1,2,4,5,1,,1
eppendorf,1,3,5,1,2,4,5,1,,1
eppendorf,1,4,5,1,2,4,5,1,,1
eppendorf,1,5,5,1,2,4,5,1,,1
eppendorf,1,6,3,1,2,4,5,1,,1
eppendorf,2,15,3,0,1,1,2,0,c,0
eppendorf,2,16,5,0,1,1,2,0,b,0
eppendorf,2,13,1,0,1,1,2,0,b,1
eppendorf,2,14,1,0,1,1,2,0,b,1
eppendorf,2,17,1,0,1,1,2,0,c,1
eppendorf,2,18,5,0,1,1,2,0,b,1
eppendorf,2,13,2,0,1,1,2,1,,0
eppendorf,2,14,2,0,1,1,2,1,,1
eppendorf,2,15,4,0,1,1,2,1,,1
eppendorf,2,16,6,0,1,1,2,1,,1
eppendorf,2,17,2,0,1,1,2,1,,1
eppendorf,2,18,6,0,1,1,2,1,,1
eppendorf,2,14,7,0,2,2,3,0,c,0
eppendorf,2,15,1,0,2,2,3,0,b,0
eppendorf,2,13,7,0,2,2,3,0,c,1
eppendorf,2,16,8,0,2,2,3,0,c,1
eppendorf,2,17,6,0,2,2,3,0,b,1
eppendorf,2,18,7,0,2,2,3,0,b,1
eppendorf,2,13,8,0,2,2,3,1,,1
eppendorf,2,14,8,0,2,2,3,1,,1
eppendorf,2,15,2,0,2,2,3,1,,1
eppendorf,2,16,7,0,2,2,3,1,,1
eppendorf,2,17,5,0,2,2,3,1,,1
eppendorf,2,18,8,0,2,2,3,1,,1
eppendorf,2,13,4,1,1,3,4,0,c,0
eppendorf,2,15,6,1,1,3,4,0,b,0
eppendorf,2,16,4,1,1,3,4,0,c,0
eppendorf,2,14,4,1,1,3,4,0,c,1
eppendorf,2,17,7,1,1,3,4,0,b,1
eppendorf,2,18,1,1,1,3,4,0,c,1
eppendorf,2,13,3,1,1,3,4,1,,1
eppendorf,2,14,3,1,1,3,4,1,,1
eppendorf,2,15,5,1,1,3,4,1,,1
eppendorf,2,16,3,1,1,3,4,1,,1
eppendorf,2,17,8,1,1,3,4,1,,1
eppendorf,2,18,2,1,1,3,4,1,,1
eppendorf,2,15,7,1,2,4,5,0,c,0
eppendorf,2,18,3,1,2,4,5,0,c,0
eppendorf,2,13,6,1,2,4,5,0,b,1
eppendorf,2,14,5,1,2,4,5,0,b,1
eppendorf,2,16,1,1,2,4,5,0,b,1
eppendorf,2,17,3,1,2,4,5,0,c,1
eppendorf,2,13,5,1,2,4,5,1,,1
eppendorf,2,14,6,1,2,4,5,1,,1
eppendorf,2,15,8,1,2,4,5,1,,1
eppendorf,2,16,2,1,2,4,5,1,,1
eppendorf,2,17,4,1,2,4,5,1,,1
eppendorf,2,18,4,1,2,4,5,1,,1
eppendorf,3,7,4,0,1,1,2,0,c,0
eppendorf,3,8,7,0,1,1,2,0,b,1
eppendorf,3,9,2,0,1,1,2,0,b,1
eppendorf,3,10,1,0,1,1,2,0,c,1
eppendorf,3,11,4,0,1,1,2,0,b,1
eppendorf,3,12,3,0,1,1,2,0,b,1
eppendorf,3,10,2,0,1,1,2,1,,0
eppendorf,3,7,3,0,1,1,2,1,,1
eppendorf,3,8,8,0,1,1,2,1,,1
eppendorf,3,9,1,0,1,1,2,1,,1
eppendorf,3,11,3,0,1,1,2,1,,1
eppendorf,3,12,4,0,1,1,2,1,,1
eppendorf,3,8,3,0,2,2,3,0,c,0
eppendorf,3,9,6,0,2,2,3,0,c,0
eppendorf,3,10,7,0,2,2,3,0,b,0
eppendorf,3,7,8,0,2,2,3,0,b,1
eppendorf,3,11,7,0,2,2,3,0,c,1
eppendorf,3,12,5,0,2,2,3,0,c,1
eppendorf,3,7,7,0,2,2,3,1,,0
eppendorf,3,8,4,0,2,2,3,1,,1
eppendorf,3,9,5,0,2,2,3,1,,1
eppendorf,3,10,8,0,2,2,3,1,,1
eppendorf,3,11,8,0,2,2,3,1,,1
eppendorf,3,12,3,0,2,2,3,1,,1
eppendorf,3,10,6,1,1,3,4,0,b,0
eppendorf,3,11,1,1,1,3,4,0,b,0
eppendorf,3,12,2,1,1,3,4,0,c,0
eppendorf,3,7,6,1,1,3,4,0,b,1
eppendorf,3,8,1,1,1,3,4,0,b,1
eppendorf,3,9,7,1,1,3,4,0,b,1
eppendorf,3,7,5,1,1,3,4,1,,0
eppendorf,3,8,2,1,1,3,4,1,,1
eppendorf,3,9,8,1,1,3,4,1,,1
eppendorf,3,10,5,1,1,3,4,1,,1
eppendorf,3,11,2,1,1,3,4,1,,1
eppendorf,3,12,1,1,1,3,4,1,,1
eppendorf,3,7,1,1,2,4,5,0,c,0
eppendorf,3,8,6,1,2,4,5,0,c,0
eppendorf,3,11,5,1,2,4,5,0,c,0
eppendorf,3,9,4,1,2,4,5,0,c,1
eppendorf,3,10,3,1,2,4,5,0,c,1
eppendorf,3,12,2,1,2,4,5,0,b,1
eppendorf,3,7,2,1,2,4,5,1,,1
eppendorf,3,8,5,1,2,4,5,1,,1
eppendorf,3,9,3,1,2,4,5,1,,1
eppendorf,3,10,4,1,2,4,5,1,,1
eppendorf,3,11,6,1,2,4,5,1,,1
eppendorf,3,12,1,1,2,4,5,1,,1
eppendorf,5,25,1,0,1,1,2,0,b,0
eppendorf,5,26,3,0,1,1,2,0,b,1
eppendorf,5,27,1,0,1,1,2,0,b,1
eppendorf,5,28,1,0,1,1,2,0,b,1
eppendorf,5,29,5,0,1,1,2,0,a,1
eppendorf,5,30,5,0,1,1,2,0,b,1
eppendorf,5,25,2,0,1,1,2,1,,1
eppendorf,5,26,8,0,1,1,2,1,,1
eppendorf,5,27,8,0,1,1,2,1,,1
eppendorf,5,28,4,0,1,1,2,1,,1
eppendorf,5,29,6,0,1,1,2,1,,1
eppendorf,5,30,6,0,1,1,2,1,,1
eppendorf,5,25,6,0,2,2,3,0,a,0
eppendorf,5,27,5,0,2,2,3,0,a,0
eppendorf,5,29,7,0,2,2,3,0,a,0
eppendorf,5,30,7,0,2,2,3,0,a,0
eppendorf,5,26,7,0,2,2,3,0,a,1
eppendorf,5,28,3,0,2,2,3,0,b,1
eppendorf,5,27,3,0,2,2,3,1,,0
eppendorf,5,30,8,0,2,2,3,1,,0
eppendorf,5,25,5,0,2,2,3,1,,1
eppendorf,5,26,4,0,2,2,3,1,,1
eppendorf,5,28,2,0,2,2,3,1,,1
eppendorf,5,29,8,0,2,2,3,1,,1
eppendorf,5,28,3,1,1,3,4,0,a,0
eppendorf,5,29,1,1,1,3,4,0,a,0
eppendorf,5,25,1,1,1,3,4,0,b,1
eppendorf,5,26,6,1,1,3,4,0,b,1
eppendorf,5,27,7,1,1,3,4,0,b,1
eppendorf,5,30,4,1,1,3,4,0,a,1
eppendorf,5,25,3,1,1,3,4,1,,1
eppendorf,5,26,2,1,1,3,4,1,,1
eppendorf,5,27,6,1,1,3,4,1,,1
eppendorf,5,28,4,1,1,3,4,1,,1
eppendorf,5,29,3,1,1,3,4,1,,1
eppendorf,5,30,1,1,1,3,4,1,,1
eppendorf,5,25,4,1,2,4,5,0,a,0
eppendorf,5,27,2,1,2,4,5,0,a,0
eppendorf,5,28,1,1,2,4,5,0,b,0
eppendorf,5,26,1,1,2,4,5,0,a,1
eppendorf,5,29,4,1,2,4,5,0,b,1
eppendorf,5,30,2,1,2,4,5,0,b,1
eppendorf,5,25,2,1,2,4,5,1,,1
eppendorf,5,26,5,1,2,4,5,1,,1
eppendorf,5,27,4,1,2,4,5,1,,1
eppendorf,5,28,2,1,2,4,5,1,,1
eppendorf,5,29,2,1,2,4,5,1,,1
eppendorf,5,30,3,1,2,4,5,1,,1
eppendorf,6,20,2,0,1,1,2,0,a,0
eppendorf,6,21,2,0,1,1,2,0,b,0
eppendorf,6,22,6,0,1,1,2,0,b,0
eppendorf,6,24,8,0,1,1,2,0,a,0
eppendorf,6,19,3,0,1,1,2,0,b,1
eppendorf,6,23,4,0,1,1,2,0,a,1
eppendorf,6,19,4,0,1,1,2,1,,1
eppendorf,6,20,3,0,1,1,2,1,,1
eppendorf,6,21,1,0,1,1,2,1,,1
eppendorf,6,22,5,0,1,1,2,1,,1
eppendorf,6,23,3,0,1,1,2,1,,1
eppendorf,6,24,7,0,1,1,2,1,,1
eppendorf,6,19,8,0,2,2,3,0,a,0
eppendorf,6,20,4,0,2,2,3,0,b,0
eppendorf,6,24,1,0,2,2,3,0,b,0
eppendorf,6,21,4,0,2,2,3,0,a,1
eppendorf,6,22,7,0,2,2,3,0,a,1
eppendorf,6,23,1,0,2,2,3,0,b,1
eppendorf,6,19,7,0,2,2,3,1,,0
eppendorf,6,20,3,0,2,2,3,1,,1
eppendorf,6,21,3,0,2,2,3,1,,1
eppendorf,6,22,8,0,2,2,3,1,,1
eppendorf,6,23,2,0,2,2,3,1,,1
eppendorf,6,24,2,0,2,2,3,1,,1
eppendorf,6,20,5,1,1,3,4,0,b,0
eppendorf,6,22,4,1,1,3,4,0,a,0
eppendorf,6,19,2,1,1,3,4,0,a,1
eppendorf,6,21,5,1,1,3,4,0,a,1
eppendorf,6,23,5,1,1,3,4,0,b,1
eppendorf,6,24,5,1,1,3,4,0,b,1
eppendorf,6,19,1,1,1,3,4,1,,1
eppendorf,6,20,1,1,1,3,4,1,,1
eppendorf,6,21,6,1,1,3,4,1,,1
eppendorf,6,22,3,1,1,3,4,1,,1
eppendorf,6,23,6,1,1,3,4,1,,1
eppendorf,6,24,6,1,1,3,4,1,,1
eppendorf,6,20,2,1,2,4,5,0,a,0
eppendorf,6,21,1,1,2,4,5,0,b,0
eppendorf,6,22,1,1,2,4,5,0,b,0
eppendorf,6,19,6,1,2,4,5,0,b,1
eppendorf,6,23,1,1,2,4,5,0,a,1
eppendorf,6,24,4,1,2,4,5,0,a,1
eppendorf,6,19,5,1,2,4,5,1,,1
eppendorf,6,20,1,1,2,4,5,1,,1
eppendorf,6,21,2,1,2,4,5,1,,1
eppendorf,6,22,2,1,2,4,5,1,,1
eppendorf,6,23,2,1,2,4,5,1,,1
eppendorf,6,24,3,1,2,4,5,1,,1
eppendorf,7,25,7,0,1,1,2,0,b,1
eppendorf,7,26,1,0,1,1,2,0,b,1
eppendorf,7,27,7,0,1,1,2,0,b,1
eppendorf,7,28,2,0,1,1,2,0,c,1
eppendorf,7,29,7,0,1,1,2,0,c,1
eppendorf,7,30,4,0,1,1,2,0,c,1
eppendorf,7,25,8,0,1,1,2,1,,1
eppendorf,7,26,2,0,1,1,2,1,,1
eppendorf,7,27,8,0,1,1,2,1,,1
eppendorf,7,28,1,0,1,1,2,1,,1
eppendorf,7,29,8,0,1,1,2,1,,1
eppendorf,7,30,3,0,1,1,2,1,,1
eppendorf,7,25,2,0,2,2,3,0,b,1
eppendorf,7,26,7,0,2,2,3,0,b,1
eppendorf,7,27,1,0,2,2,3,0,b,1
eppendorf,7,28,7,0,2,2,3,0,b,1
eppendorf,7,29,2,0,2,2,3,0,c,1
eppendorf,7,30,5,0,2,2,3,0,b,1
eppendorf,7,25,1,0,2,2,3,1,,1
eppendorf,7,26,8,0,2,2,3,1,,1
eppendorf,7,27,2,0,2,2,3,1,,1
eppendorf,7,28,8,0,2,2,3,1,,1
eppendorf,7,29,1,0,2,2,3,1,,1
eppendorf,7,30,6,0,2,2,3,1,,1
eppendorf,7,30,1,1,1,3,4,0,b,0
eppendorf,7,25,5,1,1,3,4,0,c,1
eppendorf,7,26,3,1,1,3,4,0,b,1
eppendorf,7,27,5,1,1,3,4,0,c,1
eppendorf,7,28,3,1,1,3,4,0,b,1
eppendorf,7,29,5,1,1,3,4,0,c,1
eppendorf,7,25,6,1,1,3,4,1,,1
eppendorf,7,26,4,1,1,3,4,1,,1
eppendorf,7,27,6,1,1,3,4,1,,1
eppendorf,7,28,4,1,1,3,4,1,,1
eppendorf,7,29,6,1,1,3,4,1,,1
eppendorf,7,30,2,1,1,3,4,1,,1
eppendorf,7,26,5,1,2,4,5,0,c,0
eppendorf,7,25,3,1,2,4,5,0,b,1
eppendorf,7,27,3,1,2,4,5,0,c,1
eppendorf,7,28,5,1,2,4,5,0,c,1
eppendorf,7,29,3,1,2,4,5,0,b,1
eppendorf,7,30,7,1,2,4,5,0,c,1
eppendorf,7,25,4,1,2,4,5,1,,1
eppendorf,7,26,6,1,2,4,5,1,,1
eppendorf,7,27,4,1,2,4,5,1,,1
eppendorf,7,28,6,1,2,4,5,1,,1
eppendorf,7,29,4,1,2,4,5,1,,1
eppendorf,7,30,8,1,2,4,5,1,,1
natural,1,a,NaN,NaN,NaN,NaN,1,0,b,0
natural,1,a,NaN,NaN,NaN,NaN,1,0,b,0
natural,1,a,NaN,NaN,NaN,NaN,1,0,a,0
natural,1,a,NaN,NaN,NaN,NaN,1,0,a,0
natural,1,a,NaN,NaN,NaN,NaN,1,0,b,0
natural,1,a,NaN,NaN,NaN,NaN,1,0,a,0
natural,1,a,NaN,NaN,NaN,NaN,1,0,a,0
natural,1,a,NaN,NaN,NaN,NaN,1,0,b,0
natural,1,a,NaN,NaN,NaN,NaN,1,0,b,0
natural,1,a,NaN,NaN,NaN,NaN,1,0,b,0
natural,1,a,NaN,NaN,NaN,NaN,1,1,,0
natural,1,a,NaN,NaN,NaN,NaN,1,1,,0
natural,1,a,NaN,NaN,NaN,NaN,1,1,,0
natural,1,a,NaN,NaN,NaN,NaN,1,1,,1
natural,1,a,NaN,NaN,NaN,NaN,1,1,,1
natural,1,a,NaN,NaN,NaN,NaN,1,1,,1
natural,1,a,NaN,NaN,NaN,NaN,1,1,,1
natural,1,a,NaN,NaN,NaN,NaN,1,1,,1
natural,1,a,NaN,NaN,NaN,NaN,1,1,,1
natural,1,a,NaN,NaN,NaN,NaN,1,1,,1
natural,2,b,NaN,NaN,NaN,NaN,1,0,b,0
natural,2,b,NaN,NaN,NaN,NaN,1,0,c,0
natural,2,b,NaN,NaN,NaN,NaN,1,0,c,0
natural,2,b,NaN,NaN,NaN,NaN,1,0,b,0
natural,2,b,NaN,NaN,NaN,NaN,1,0,c,0
natural,2,b,NaN,NaN,NaN,NaN,1,0,b,0
natural,2,b,NaN,NaN,NaN,NaN,1,0,b,0
natural,2,b,NaN,NaN,NaN,NaN,1,0,b,0
natural,2,b,NaN,NaN,NaN,NaN,1,0,c,0
natural,2,b,NaN,NaN,NaN,NaN,1,0,c,1
natural,2,b,NaN,NaN,NaN,NaN,1,1,,1
natural,2,b,NaN,NaN,NaN,NaN,1,1,,1
natural,2,b,NaN,NaN,NaN,NaN,1,1,,1
natural,2,b,NaN,NaN,NaN,NaN,1,1,,1
natural,2,b,NaN,NaN,NaN,NaN,1,1,,1
natural,2,b,NaN,NaN,NaN,NaN,1,1,,1
natural,2,b,NaN,NaN,NaN,NaN,1,1,,1
natural,2,b,NaN,NaN,NaN,NaN,1,1,,1
natural,2,b,NaN,NaN,NaN,NaN,1,1,,1
natural,2,b,NaN,NaN,NaN,NaN,1,1,,1
natural,3,c,NaN,NaN,NaN,NaN,1,0,a,0
natural,3,c,NaN,NaN,NaN,NaN,1,0,b,0
natural,3,c,NaN,NaN,NaN,NaN,1,0,a,0
natural,3,c,NaN,NaN,NaN,NaN,1,0,b,0
natural,3,c,NaN,NaN,NaN,NaN,1,0,b,0
natural,3,c,NaN,NaN,NaN,NaN,1,0,a,0
natural,3,c,NaN,NaN,NaN,NaN,1,0,b,0
natural,3,c,NaN,NaN,NaN,NaN,1,0,b,0
natural,3,c,NaN,NaN,NaN,NaN,1,0,a,0
natural,3,c,NaN,NaN,NaN,NaN,1,0,a,0
natural,3,c,NaN,NaN,NaN,NaN,1,1,,0
natural,3,c,NaN,NaN,NaN,NaN,1,1,,0
natural,3,c,NaN,NaN,NaN,NaN,1,1,,0
natural,3,c,NaN,NaN,NaN,NaN,1,1,,0
natural,3,c,NaN,NaN,NaN,NaN,1,1,,1
natural,3,c,NaN,NaN,NaN,NaN,1,1,,1
natural,3,c,NaN,NaN,NaN,NaN,1,1,,1
natural,3,c,NaN,NaN,NaN,NaN,1,1,,1
natural,3,c,NaN,NaN,NaN,NaN,1,1,,1
natural,3,c,NaN,NaN,NaN,NaN,1,1,,1
natural,5,d,NaN,NaN,NaN,NaN,1,0,a,0
natural,5,d,NaN,NaN,NaN,NaN,1,0,b,0
natural,5,d,NaN,NaN,NaN,NaN,1,0,a,0
natural,5,d,NaN,NaN,NaN,NaN,1,0,b,0
natural,5,d,NaN,NaN,NaN,NaN,1,0,a,0
natural,5,d,NaN,NaN,NaN,NaN,1,0,a,0
natural,5,d,NaN,NaN,NaN,NaN,1,0,b,0
natural,5,d,NaN,NaN,NaN,NaN,1,0,a,1
natural,5,d,NaN,NaN,NaN,NaN,1,0,b,1
natural,5,d,NaN,NaN,NaN,NaN,1,0,b,1
natural,5,d,NaN,NaN,NaN,NaN,1,1,,0
natural,5,d,NaN,NaN,NaN,NaN,1,1,,0
natural,5,d,NaN,NaN,NaN,NaN,1,1,,0
natural,5,d,NaN,NaN,NaN,NaN,1,1,,0
natural,5,d,NaN,NaN,NaN,NaN,1,1,,1
natural,5,d,NaN,NaN,NaN,NaN,1,1,,1
natural,5,d,NaN,NaN,NaN,NaN,1,1,,1
natural,5,d,NaN,NaN,NaN,NaN,1,1,,1
natural,5,d,NaN,NaN,NaN,NaN,1,1,,1
natural,5,d,NaN,NaN,NaN,NaN,1,1,,1
natural,6,e,NaN,NaN,NaN,NaN,1,0,a,0
natural,6,e,NaN,NaN,NaN,NaN,1,0,a,0
natural,6,e,NaN,NaN,NaN,NaN,1,0,a,0
natural,6,e,NaN,NaN,NaN,NaN,1,0,a,0
natural,6,e,NaN,NaN,NaN,NaN,1,0,b,0
natural,6,e,NaN,NaN,NaN,NaN,1,0,b,0
natural,6,e,NaN,NaN,NaN,NaN,1,0,b,0
natural,6,e,NaN,NaN,NaN,NaN,1,0,b,1
natural,6,e,NaN,NaN,NaN,NaN,1,0,b,1
natural,6,e,NaN,NaN,NaN,NaN,1,0,b,1
natural,6,e,NaN,NaN,NaN,NaN,1,1,,0
natural,6,e,NaN,NaN,NaN,NaN,1,1,,1
natural,6,e,NaN,NaN,NaN,NaN,1,1,,1
natural,6,e,NaN,NaN,NaN,NaN,1,1,,1
natural,6,e,NaN,NaN,NaN,NaN,1,1,,1
natural,6,e,NaN,NaN,NaN,NaN,1,1,,1
natural,6,e,NaN,NaN,NaN,NaN,1,1,,1
natural,6,e,NaN,NaN,NaN,NaN,1,1,,1
natural,6,e,NaN,NaN,NaN,NaN,1,1,,1
natural,6,e,NaN,NaN,NaN,NaN,1,1,,1
natural,7,f,NaN,NaN,NaN,NaN,1,0,b,0
natural,7,f,NaN,NaN,NaN,NaN,1,0,c,0
natural,7,f,NaN,NaN,NaN,NaN,1,0,b,0
natural,7,f,NaN,NaN,NaN,NaN,1,0,c,0
natural,7,f,NaN,NaN,NaN,NaN,1,0,b,0
natural,7,f,NaN,NaN,NaN,NaN,1,0,c,0
natural,7,f,NaN,NaN,NaN,NaN,1,0,c,0
natural,7,f,NaN,NaN,NaN,NaN,1,0,c,0
natural,7,f,NaN,NaN,NaN,NaN,1,0,c,0
natural,7,f,NaN,NaN,NaN,NaN,1,0,c,1
natural,7,f,NaN,NaN,NaN,NaN,1,1,,1
natural,7,f,NaN,NaN,NaN,NaN,1,1,,1
natural,7,f,NaN,NaN,NaN,NaN,1,1,,1
natural,7,f,NaN,NaN,NaN,NaN,1,1,,1
natural,7,f,NaN,NaN,NaN,NaN,1,1,,1
natural,7,f,NaN,NaN,NaN,NaN,1,1,,1
natural,7,f,NaN,NaN,NaN,NaN,1,1,,1
natural,7,f,NaN,NaN,NaN,NaN,1,1,,1
natural,7,f,NaN,NaN,NaN,NaN,1,1,,1
natural,7,f,NaN,NaN,NaN,NaN,1,1,,1
